num_nodes,damping,iteration,diff,convergence_iteration
5,0.15,0,0.0,6
5,0.15,1,0.07500000000000001,6
5,0.15,2,0.005624999999999991,6
5,0.15,3,0.0004218749999999605,6
5,0.15,4,3.164062499999565e-05,6
5,0.15,5,2.373046875003837e-06,6
5,0.15,6,1.7797851564749223e-07,6
5,0.25,0,0.0,7
5,0.25,1,0.125,7
5,0.25,2,0.015625,7
5,0.25,3,0.001953125,7
5,0.25,4,0.000244140625,7
5,0.25,5,3.0517578125e-05,7
5,0.25,6,3.814697265625e-06,7
5,0.25,7,4.76837158203125e-07,7
5,0.35,0,0.0,8
5,0.35,1,0.17499999999999993,8
5,0.35,2,0.030624999999999958,8
5,0.35,3,0.0053593749999999996,8
5,0.35,4,0.0009378906249999375,8
5,0.35,5,0.00016413085937494465,8
5,0.35,6,2.8722900390576456e-05,8
5,0.35,7,5.026507568228755e-06,8
5,0.35,8,8.796388243914599e-07,8
5,0.45,0,0.0,10
5,0.45,1,0.22500000000000003,10
5,0.45,2,0.050624999999999976,10
5,0.45,3,0.011390624999999988,10
5,0.45,4,0.0025628906250000916,10
5,0.45,5,0.0005766503906250442,10
5,0.45,6,0.00012974633789064605,10
5,0.45,7,2.9192926025434218e-05,10
5,0.45,8,6.568408355722699e-06,10
5,0.45,9,1.4778918799862595e-06,10
5,0.45,10,3.325256728858861e-07,10
5,0.55,0,0.0,11
5,0.55,1,0.27499999999999997,11
5,0.55,2,0.075625,11
5,0.55,3,0.020796875000000048,11
5,0.55,4,0.005719140625000008,11
5,0.55,5,0.0015727636718749771,11
5,0.55,6,0.0004325100097655188,11
5,0.55,7,0.00011894025268549546,11
5,0.55,8,3.2708569488615336e-05,11
5,0.55,9,8.994856609378932e-06,11
5,0.55,10,2.473585567541736e-06,11
5,0.55,11,6.802360311697342e-07,11
5,0.65,0,0.0,13
5,0.65,1,0.32500000000000007,13
5,0.65,2,0.10562500000000008,13
5,0.65,3,0.03432812500000004,13
5,0.65,4,0.011156640624999992,13
5,0.65,5,0.003625908203124917,13
5,0.65,6,0.0011784201660156035,13
5,0.65,7,0.0003829865539550781,13
5,0.65,8,0.00012447063003540038,13
5,0.65,9,4.0452954761516224e-05,13
5,0.65,10,1.3147210297492773e-05,13
5,0.65,11,4.272843346697641e-06,13
5,0.65,12,1.3886740877211423e-06,13
5,0.65,13,4.5131907855378017e-07,13
5,0.75,0,0.0,15
5,0.75,1,0.375,15
5,0.75,2,0.140625,15
5,0.75,3,0.052734375,15
5,0.75,4,0.019775390625,15
5,0.75,5,0.007415771484375,15
5,0.75,6,0.002780914306640625,15
5,0.75,7,0.0010428428649902344,15
5,0.75,8,0.0003910660743713379,15
5,0.75,9,0.0001466497778892517,15
5,0.75,10,5.499366670846939e-05,15
5,0.75,11,2.062262501567602e-05,15
5,0.75,12,7.733484380878508e-06,15
5,0.75,13,2.9000566428294405e-06,15
5,0.75,14,1.0875212410610402e-06,15
5,0.75,15,4.078204653978901e-07,15
5,0.85,0,0.0,17
5,0.85,1,0.42499999999999993,17
5,0.85,2,0.18062499999999998,17
5,0.85,3,0.07676562499999984,17
5,0.85,4,0.03262539062499986,17
5,0.85,5,0.013865791015625017,17
5,0.85,6,0.005892961181640732,17
5,0.85,7,0.0025045085021973557,17
5,0.85,8,0.0010644161134338859,17
5,0.85,9,0.0004523768482093127,17
5,0.85,10,0.0001922601604888996,17
5,0.85,11,8.17105682076602e-05,17
5,0.85,12,3.472699148820979e-05,17
5,0.85,13,1.4758971382644592e-05,17
5,0.85,14,6.272562837639217e-06,17
5,0.85,15,2.6658392058842573e-06,17
5,0.85,16,1.132981662377297e-06,17
5,0.85,17,4.815172065519846e-07,17
5,0.95,0,0.0,19
5,0.95,1,0.4749999999999999,19
5,0.95,2,0.22562499999999996,19
5,0.95,3,0.10717187499999997,19
5,0.95,4,0.050906640625,19
5,0.95,5,0.024180654296874993,19
5,0.95,6,0.011485810791015627,19
5,0.95,7,0.005455760125732401,19
5,0.95,8,0.002591486059722925,19
5,0.95,9,0.001230955878368467,19
5,0.95,10,0.0005847040422250482,19
5,0.95,11,0.00027773442005696314,19
5,0.95,12,0.00013192384952703806,19
5,0.95,13,6.266382852532226e-05,19
5,0.95,14,2.9765318549535014e-05,19
5,0.95,15,1.4138526311047173e-05,19
5,0.95,16,6.7157999977252025e-06,19
5,0.95,17,3.19000499887645e-06,19
5,0.95,18,1.5152523744621504e-06,19
5,0.95,19,7.197448779194815e-07,19
15,0.15,0,0.0,6
15,0.15,1,0.05399999999999996,6
15,0.15,2,0.005594166666666643,6
15,0.15,3,0.0005478333333333099,6
15,0.15,4,4.8296145833355564e-05,6
15,0.15,5,4.604794270841872e-06,6
15,0.15,6,4.844325911662617e-07,6
15,0.25,0,0.0,8
15,0.25,1,0.08999999999999998,8
15,0.25,2,0.015539351851851839,8
15,0.25,3,0.0025362654320987346,8
15,0.25,4,0.0003726554462448392,8
15,0.25,5,5.921803331830622e-05,8
15,0.25,6,1.0383071655246934e-05,8
15,0.25,7,1.5410269359403261e-06,8
15,0.25,8,2.3217295714444974e-07,8
15,0.35,0,0.0,9
15,0.35,1,0.12599999999999995,9
15,0.35,2,0.030457129629629626,9
15,0.35,3,0.006959512345679042,9
15,0.35,4,0.001431593162294291,9
15,0.35,5,0.00031848879551399367,9
15,0.35,6,7.817971181858785e-05,9
15,0.35,7,1.6244504907697577e-05,9
15,0.35,8,3.426383092336449e-06,9
15,0.35,9,8.413222937486697e-07,9
15,0.45,0,0.0,11
15,0.45,1,0.16199999999999998,11
15,0.45,2,0.050347499999999996,11
15,0.45,3,0.014791499999999957,11
15,0.45,4,0.003911987812500052,11
15,0.45,5,0.0011189650078125418,11
15,0.45,6,0.0003531513589453694,11
15,0.45,7,9.434475600383907e-05,11
15,0.45,8,2.5585368344044346e-05,11
15,0.45,9,8.077233206220391e-06,11
15,0.45,10,2.486109319813079e-06,11
15,0.45,11,7.741966706609205e-07,11
15,0.55,0,0.0,14
15,0.55,1,0.19799999999999995,14
15,0.55,2,0.07521046296296295,14
15,0.55,3,0.027006154320987616,14
15,0.55,4,0.008729677421553457,14
15,0.55,5,0.003051879514864117,14
15,0.55,6,0.0011772316674937416,14
15,0.55,7,0.00038438726932991246,14
15,0.55,8,0.00012740693834048522,14
15,0.55,9,4.916026366467985e-05,14
15,0.55,10,1.849362209339206e-05,14
15,0.55,11,7.038874666499828e-06,14
15,0.55,12,2.745292470039684e-06,14
15,0.55,13,1.196258485859636e-06,14
15,0.55,14,4.82894826903113e-07,14
15,0.65,0,0.0,16
15,0.65,1,0.23400000000000004,16
15,0.65,2,0.10504601851851855,16
15,0.65,3,0.04457740123456793,16
15,0.65,4,0.01702945952031898,16
15,0.65,5,0.007035917198356105,16
15,0.65,6,0.0032074946376352276,16
15,0.65,7,0.0012377235825626054,16
15,0.65,8,0.00048483997111789523,16
15,0.65,9,0.00022109056413701506,16
15,0.65,10,9.829437154383613e-05,16
15,0.65,11,4.421407777976255e-05,16
15,0.65,12,2.0379645470545993e-05,16
15,0.65,13,1.049503048598105e-05,16
15,0.65,14,5.006819015968e-06,16
15,0.65,15,2.260838192970349e-06,16
15,0.65,16,9.991967313549566e-07,16
15,0.75,0,0.0,20
15,0.75,1,0.2699999999999999,20
15,0.75,2,0.13985416666666664,20
15,0.75,3,0.06847916666666669,20
15,0.75,4,0.030185091145833308,20
15,0.75,5,0.014389982096354122,20
15,0.75,6,0.0075692592366535805,20
15,0.75,7,0.0033702259089151525,20
15,0.75,8,0.0015232867717424776,20
15,0.75,9,0.0008014960171699621,20
15,0.75,10,0.00041115702766488654,20
15,0.75,11,0.00021339662432819442,20
15,0.75,12,0.00011349363492372394,20
15,0.75,13,6.743828109200684e-05,20
15,0.75,14,3.7122104375484494e-05,20
15,0.75,15,1.934140782797883e-05,20
15,0.75,16,9.863192575017277e-06,20
15,0.75,17,4.640575307923028e-06,20
15,0.75,18,2.213876561362599e-06,20
15,0.75,19,1.0123394722158507e-06,20
15,0.75,20,5.16602476689082e-07,20
15,0.85,0,0.0,24
15,0.85,1,0.30600000000000005,24
15,0.85,2,0.1796349074074074,24
15,0.85,3,0.09968537654320989,24
15,0.85,4,0.04979928884130661,24
15,0.85,5,0.026905964522644467,24
15,0.85,6,0.016039814944624586,24
15,0.85,7,0.008093989733805807,24
15,0.85,8,0.0041461305172785165,24
15,0.85,9,0.002472409077724825,24
15,0.85,10,0.0014374221770677605,24
15,0.85,11,0.0008455160007144642,24
15,0.85,12,0.000509639937170063,24
15,0.85,13,0.0003432069725901009,24
15,0.85,14,0.00021411143393517199,24
15,0.85,15,0.0001264308382275224,24
15,0.85,16,7.307016866310925e-05,24
15,0.85,17,3.896297271368393e-05,24
15,0.85,18,2.1066448411502514e-05,24
15,0.85,19,1.0917463657739851e-05,24
15,0.85,20,6.314074914789969e-06,24
15,0.85,21,3.85156454240157e-06,24
15,0.85,22,2.2100669691930974e-06,24
15,0.85,23,1.4428711014834172e-06,24
15,0.85,24,9.356874035928997e-07,24
15,0.95,0,0.0,30
15,0.95,1,0.342,30
15,0.95,2,0.22438824074074076,30
15,0.95,3,0.13916995679012345,30
15,0.95,4,0.07770372865612132,30
15,0.95,5,0.046921508186074566,30
15,0.95,6,0.03126276822437385,30
15,0.95,7,0.017631749466629397,30
15,0.95,8,0.010094397577895101,30
15,0.95,9,0.006727635377458763,30
15,0.95,10,0.004371506583463381,30
15,0.95,11,0.002873910942706436,30
15,0.95,12,0.0019360635489190682,30
15,0.95,13,0.001457192532030074,30
15,0.95,14,0.0010160272923844076,30
15,0.95,15,0.000670537716153493,30
15,0.95,16,0.00043312672637907217,30
15,0.95,17,0.00025812593201560326,30
15,0.95,18,0.000155982384999016,30
15,0.95,19,9.034636146389684e-05,30
15,0.95,20,5.839871914518728e-05,30
15,0.95,21,3.981396689467162e-05,30
15,0.95,22,2.553338445718603e-05,30
15,0.95,23,1.863095708438088e-05,30
15,0.95,24,1.3503398762109917e-05,30
15,0.95,25,9.020723987873333e-06,30
15,0.95,26,5.992183892612746e-06,30
15,0.95,27,3.731783029417221e-06,30
15,0.95,28,2.2398468376080838e-06,30
15,0.95,29,1.2918689462643879e-06,30
15,0.95,30,7.84844140084423e-07,30
25,0.15,0,0.0,6
25,0.15,1,0.07123714285714286,6
25,0.15,2,0.005842838571428574,6
25,0.15,3,0.0005444021292857065,6
25,0.15,4,3.692851322410068e-05,6
25,0.15,5,2.407292493719626e-06,6
25,0.15,6,1.8126724332656607e-07,6
25,0.25,0,0.0,7
25,0.25,1,0.11872857142857143,7
25,0.25,2,0.01623010714285715,7
25,0.25,3,0.002520380228174607,7
25,0.25,4,0.0002849422316673067,7
25,0.25,5,3.0957979600496066e-05,7
25,0.25,6,3.8851861139874155e-06,7
25,0.25,7,5.518326522541139e-07,7
25,0.35,0,0.0,9
25,0.35,1,0.16621999999999998,9
25,0.35,2,0.031811010000000015,9
25,0.35,3,0.006915923346111089,9
25,0.35,4,0.0010946340771730949,9
25,0.35,5,0.00016649944420653665,9
25,0.35,6,2.9253648711712738e-05,9
25,0.35,7,5.817061349215613e-06,9
25,0.35,8,1.3138478773648543e-06,9
25,0.35,9,1.8967752649090563e-07,9
25,0.45,0,0.0,10
25,0.45,1,0.21371142857142858,10
25,0.45,2,0.05258554714285715,10
25,0.45,3,0.014698857490714288,10
25,0.45,4,0.0029912095711506076,10
25,0.45,5,0.0005849720759774218,10
25,0.45,6,0.0001321438203895492,10
25,0.45,7,3.378430040020669e-05,10
25,0.45,8,9.8107190540965e-06,10
25,0.45,9,1.8210258146619807e-06,10
25,0.45,10,4.2375512870895804e-07,10
25,0.55,0,0.0,12
25,0.55,1,0.2612028571428572,12
25,0.55,2,0.07855371857142857,12
25,0.55,3,0.026837008669603184,12
25,0.55,4,0.006674942742145435,12
25,0.55,5,0.0015954603432444814,12
25,0.55,6,0.00044050202862241927,12
25,0.55,7,0.00013764681289256744,12
25,0.55,8,4.8854238125149024e-05,12
25,0.55,9,1.1083264145391597e-05,12
25,0.55,10,3.15222148431632e-06,12
25,0.55,11,1.0324101331997404e-06,12
25,0.55,12,2.75174285888774e-07,12
25,0.65,0,0.0,13
25,0.65,1,0.3086942857142857,13
25,0.65,2,0.10971552428571428,13
25,0.65,3,0.04429820289039678,13
25,0.65,4,0.013021176125839435,13
25,0.65,5,0.003678233958337822,13
25,0.65,6,0.001200195283296901,13
25,0.65,7,0.00044322151115647537,13
25,0.65,8,0.0001859120681345361,13
25,0.65,9,4.9845239624833615e-05,13
25,0.65,10,1.6754188454856656e-05,13
25,0.65,11,6.484994277078382e-06,13
25,0.65,12,2.042752985292884e-06,13
25,0.65,13,6.607354575451085e-07,13
25,0.75,0,0.0,15
25,0.75,1,0.35618571428571427,15
25,0.75,2,0.14607096428571423,15
25,0.75,3,0.06805026616071425,15
25,0.75,4,0.02308032076505102,15
25,0.75,5,0.007522789042919677,15
25,0.75,6,0.0028323006770732614,15
25,0.75,7,0.0012068580104091856,15
25,0.75,8,0.000584104881954442,15
25,0.75,9,0.0001806986254257667,15
25,0.75,10,7.008135072053556e-05,15
25,0.75,11,3.129944029139908e-05,15
25,0.75,12,1.137603016137037e-05,15
25,0.75,13,4.245710726786395e-06,15
25,0.75,14,1.5944252274580073e-06,15
25,0.75,15,7.125664055820935e-07,15
25,0.85,0,0.0,17
25,0.85,1,0.40367714285714285,17
25,0.85,2,0.1876200385714286,17
25,0.85,3,0.09906102448817462,17
25,0.85,4,0.03807785620973486,17
25,0.85,5,0.014065889293317205,17
25,0.85,6,0.006001852665819651,17
25,0.85,7,0.002898409961354032,17
25,0.85,8,0.0015898352964704814,17
25,0.85,9,0.0005574087859010098,17
25,0.85,10,0.0002450073352671285,17
25,0.85,11,0.00012401404034893815,17
25,0.85,12,5.108373963497864e-05,17
25,0.85,13,2.1607275592500086e-05,17
25,0.85,14,9.19626399118259e-06,17
25,0.85,15,4.657901262698078e-06,17
25,0.85,16,1.8298991503358508e-06,17
25,0.85,17,7.392781330058107e-07,17
25,0.95,0,0.0,20
25,0.95,1,0.4511685714285714,20
25,0.95,2,0.23436274714285718,20
25,0.95,3,0.13829830388039685,20
25,0.95,4,0.059414330516981986,20
25,0.95,5,0.024529607145855878,20
25,0.95,6,0.011698048229118947,20
25,0.95,7,0.006313825439725203,20
25,0.95,8,0.0038707005240340674,20
25,0.95,9,0.0015167567137330754,20
25,0.95,10,0.0007451194201705796,20
25,0.95,11,0.000421524024745816,20
25,0.95,12,0.00019406125587208452,20
25,0.95,13,9.174044569435456e-05,20
25,0.95,14,4.363921641764058e-05,20
25,0.95,15,2.470361280942565e-05,20
25,0.95,16,1.0846809896639456e-05,20
25,0.95,17,4.8976462474186605e-06,20
25,0.95,18,2.6111908679304213e-06,20
25,0.95,19,1.4644299864401827e-06,20
25,0.95,20,6.215141501921678e-07,20
35,0.15,0,0.0,5
35,0.15,1,0.05111394557823128,5
35,0.15,2,0.003539720703757677,5
35,0.15,3,0.00016530391583683204,5
35,0.15,4,7.820166957474284e-06,5
35,0.15,5,4.0982427024910395e-07,5
35,0.25,0,0.0,6
35,0.25,1,0.08518990929705218,6
35,0.25,2,0.009832557510438045,6
35,0.25,3,0.000765295906651909,6
35,0.25,4,6.034079442500742e-05,6
35,0.25,5,5.2703738457442195e-06,6
35,0.25,6,5.874423810482698e-07,6
35,0.35,0,0.0,7
35,0.35,1,0.119265873015873,7
35,0.35,2,0.019271812720458536,7
35,0.35,3,0.002099971967852835,7
35,0.35,4,0.00023180519586307735,7
35,0.35,5,2.83453354321464e-05,7
35,0.35,6,4.4231685561550715e-06,7
35,0.35,7,4.505633694924793e-07,7
35,0.45,0,0.0,8
35,0.45,1,0.1533418367346939,8
35,0.45,2,0.03185748633381926,8
35,0.45,3,0.004463205727593966,8
35,0.45,4,0.0006334335235558194,8
35,0.45,5,9.958729766968225e-05,8
35,0.45,6,1.9980221852049923e-05,8
35,0.45,7,2.6167797294827932e-06,8
35,0.45,8,3.612558872011229e-07,8
35,0.55,0,0.0,9
35,0.55,1,0.18741780045351478,9
35,0.55,2,0.04758957835052016,9
35,0.55,3,0.008148870814029603,9
35,0.55,4,0.0014135193138821306,9
35,0.55,5,0.00027161567303420064,9
35,0.55,6,6.660416077117204e-05,9
35,0.55,7,1.0661502104263032e-05,9
35,0.55,8,1.7989385936237334e-06,9
35,0.55,9,4.357295084987667e-07,9
35,0.65,0,0.0,10
35,0.65,1,0.2214937641723356,10
35,0.65,2,0.06646808877056117,10
35,0.65,3,0.013450840855314087,10
35,0.65,4,0.002757429487315619,10
35,0.65,5,0.0006261929332191992,10
35,0.65,6,0.000181470219003289,10
35,0.65,7,3.432994178752605e-05,10
35,0.65,8,6.845760106378995e-06,10
35,0.65,9,1.959625023615491e-06,10
35,0.65,10,4.1900799754857054e-07,10
35,0.75,0,0.0,11
35,0.75,1,0.25556972789115645,11
35,0.75,2,0.08849301759394233,11
35,0.75,3,0.020662989479601736,11
35,0.75,4,0.004887604348424491,11
35,0.75,5,0.0012807008445172331,11
35,0.75,6,0.00042824549579954276,11
35,0.75,7,9.347778526159166e-05,11
35,0.75,8,2.1508242788983306e-05,11
35,0.75,9,7.104019376452664e-06,11
35,0.75,10,1.7526749510523437e-06,11
35,0.75,11,4.428673553782958e-07,11
35,0.85,0,0.0,12
35,0.85,1,0.2896456916099774,12
35,0.85,2,0.11366436482066368,12
35,0.85,3,0.030079190315046894,12
35,0.85,4,0.008063557585871815,12
35,0.85,5,0.0023946167032015808,12
35,0.85,6,0.0009074835844214754,12
35,0.85,7,0.00022449777988026512,12
35,0.85,8,5.854182118203953e-05,12
35,0.85,9,2.1914072707121188e-05,12
35,0.85,10,6.127424984391297e-06,12
35,0.85,11,1.7547205179973407e-06,12
35,0.85,12,4.658021099529508e-07,12
35,0.95,0,0.0,13
35,0.95,1,0.3237216553287982,13
35,0.95,2,0.14198213045072527,13
35,0.95,3,0.04199331698980392,13
35,0.95,4,0.012581876272415436,13
35,0.95,5,0.004175989570908064,13
35,0.95,6,0.001768751638665281,13
35,0.95,7,0.0004890404782861412,13
35,0.95,8,0.0001425291402388307,13
35,0.95,9,5.9630055615371436e-05,13
35,0.95,10,1.8634802695076218e-05,13
35,0.95,11,5.964299308183936e-06,13
35,0.95,12,1.7695286814601446e-06,13
35,0.95,13,5.597166454528527e-07,13
45,0.15,0,0.0,5
45,0.15,1,0.03796098019627431,5
45,0.15,2,0.00204301741124506,5
45,0.15,3,9.95190372652631e-05,5
45,0.15,4,5.22739776651418e-06,5
45,0.15,5,2.7122538252474793e-07,5
45,0.25,0,0.0,6
45,0.25,1,0.06326830032712384,6
45,0.25,2,0.005675048364569599,6
45,0.25,3,0.000460736283635417,6
45,0.25,4,4.033485930946684e-05,6
45,0.25,5,3.48798074240389e-06,6
45,0.25,6,2.4663812012853947e-07,6
45,0.35,0,0.0,7
45,0.35,1,0.0885756204579734,7
45,0.35,2,0.011123094794556459,7
45,0.35,3,0.0012642603622955544,7
45,0.35,4,0.00015495039552317416,7
45,0.35,5,1.8759197548092604e-05,7
45,0.35,6,1.8570706045370478e-06,7
45,0.35,7,2.112178229818351e-07,7
45,0.45,0,0.0,8
45,0.45,1,0.11388294058882291,8
45,0.45,2,0.018387156701205585,8
45,0.45,3,0.0026870140061616993,8
45,0.45,4,0.00042341921908682807,8
45,0.45,5,6.59077679547853e-05,8
45,0.45,6,8.388710989019194e-06,8
45,0.45,7,1.2267098373174024e-06,8
45,0.45,8,1.7057242663112704e-07,8
45,0.55,0,0.0,8
45,0.55,1,0.1391902607196725,8
45,0.55,2,0.02746723408451697,8
45,0.55,3,0.004905919948149876,8
45,0.55,4,0.0009448682802393922,8
45,0.55,5,0.00017975769169484117,8
45,0.55,6,2.796380638383361e-05,8
45,0.55,7,4.997963475595821e-06,8
45,0.55,8,8.49396043405351e-07,8
45,0.65,0,0.0,9
45,0.65,1,0.16449758085052205,9
45,0.65,2,0.038363326944490656,9
45,0.65,3,0.008097900921175983,9
45,0.65,4,0.0018432062667793642,9
45,0.65,5,0.00041442010681366943,9
45,0.65,6,7.61904062732046e-05,9
45,0.65,7,1.609339786222408e-05,9
45,0.65,8,3.2323290907118607e-06,9
45,0.65,9,6.878082090700649e-07,9
45,0.75,0,0.0,10
45,0.75,1,0.18980490098137157,10
45,0.75,2,0.05107543528112664,10
45,0.75,3,0.012439879658156128,10
45,0.75,4,0.0032671236040652148,10
45,0.75,5,0.0008475793204062963,10
45,0.75,6,0.00017979918957962762,10
45,0.75,7,4.382108186496217e-05,10
45,0.75,8,1.0155441875832338e-05,10
45,0.75,9,2.4934376656841895e-06,10
45,0.75,10,7.064717154389027e-07,10
45,0.85,0,0.0,11
45,0.85,1,0.2151122211122211,11
45,0.85,2,0.06560355909442489,11
45,0.85,3,0.018108778892006235,11
45,0.85,4,0.005390092455014879,11
45,0.85,5,0.001584778839353554,11
45,0.85,6,0.0003810076571410196,11
45,0.85,7,0.00010524142782276577,11
45,0.85,8,2.7641405583579e-05,11
45,0.85,9,7.6916139161963e-06,11
45,0.85,10,2.469854685422865e-06,11
45,0.85,11,7.43646044973692e-07,11
45,0.95,0,0.0,12
45,0.95,1,0.24041954124307063,12
45,0.95,2,0.08194769838438538,12
45,0.95,3,0.02528152135564236,12
45,0.95,4,0.008410366720106328,12
45,0.95,5,0.0027637074010584475,12
45,0.95,6,0.000742611689600858,12
45,0.95,7,0.00022925535488773664,12
45,0.95,8,6.72972875335083e-05,12
45,0.95,9,2.092953563330273e-05,12
45,0.95,10,7.511353442122767e-06,12
45,0.95,11,2.527654715357014e-06,12
45,0.95,12,8.110509308739688e-07,12
55,0.15,0,0.0,5
55,0.15,1,0.03383500990987621,5
55,0.15,2,0.0012393836891504278,5
55,0.15,3,5.3336518256001664e-05,5
55,0.15,4,2.062674082790178e-06,5
55,0.15,5,9.683304121738123e-08,5
55,0.25,0,0.0,6
55,0.25,1,0.05639168318312704,6
55,0.25,2,0.0034427324698623335,6
55,0.25,3,0.00024692832525923317,6
55,0.25,4,1.5915695083228848e-05,6
55,0.25,5,1.2452808799898185e-06,6
55,0.25,6,9.085660326868528e-08,6
55,0.35,0,0.0,6
55,0.35,1,0.07894835645637786,6
55,0.35,2,0.006747755640930169,6
55,0.35,3,0.0006775713245113502,6
55,0.35,4,6.114173423170909e-05,6
55,0.35,5,6.697419440135355e-06,6
55,0.35,6,6.841080650975967e-07,6
55,0.45,0,0.0,7
55,0.45,1,0.10150502972962866,7
55,0.45,2,0.011154453202353977,7
55,0.45,3,0.0014400859929119148,7
55,0.45,4,0.00016707660070566788,7
55,0.45,5,2.353042901889757e-05,7
55,0.45,6,3.0902351420020874e-06,7
55,0.45,7,4.479750713749786e-07,7
55,0.55,0,0.0,8
55,0.55,1,0.12406170300287946,8
55,0.55,2,0.0166628251541337,8
55,0.55,3,0.00262929280736046,8
55,0.55,4,0.00037283470674161906,8
55,0.55,5,6.417719392235073e-05,8
55,0.55,6,1.0301312955554587e-05,8
55,0.55,7,1.8251773782913122e-06,8
55,0.55,8,3.0880256606316547e-07,8
55,0.65,0,0.0,9
55,0.65,1,0.14661837627613025,9
55,0.65,2,0.023272871496269436,9
55,0.65,3,0.004340012244756539,9
55,0.65,4,0.0007273090676352349,9
55,0.65,5,0.00014795650361065261,9
55,0.65,6,2.8067038101221506e-05,9
55,0.65,7,5.8770548968262865e-06,9
55,0.65,8,1.1751308770825697e-06,9
55,0.65,9,2.2207707139378086e-07,9
55,0.75,0,0.0,9
55,0.75,1,0.16917504954938112,9
55,0.75,2,0.030984592228761078,9
55,0.75,3,0.006667064781999679,9
55,0.75,4,0.0012891713017413441,9
55,0.75,5,0.00030260325384369804,9
55,0.75,6,6.623446377757372e-05,9
55,0.75,7,1.6002767467993007e-05,9
55,0.75,8,3.6920663038404744e-06,9
55,0.75,9,8.050722966057577e-07,9
55,0.85,0,0.0,10
55,0.85,1,0.1917317228226319,10
55,0.85,2,0.03979798735160864,10
55,0.85,3,0.009705270895989444,10
55,0.85,4,0.0021268716304738006,10
55,0.85,5,0.0005657986478257923,10
55,0.85,6,0.00014035568194097937,10
55,0.85,7,3.843250841313768e-05,10
55,0.85,8,1.004918381623636e-05,10
55,0.85,9,2.4834409798994705e-06,10
55,0.85,10,7.682095877672296e-07,10
55,0.95,0,0.0,11
55,0.95,1,0.21428839609588277,11
55,0.95,2,0.04971305686481221,11
55,0.95,3,0.013549451063625411,11
55,0.95,4,0.003318638878305748,11
55,0.95,5,0.0009867003973518026,11
55,0.95,6,0.0002735634524864243,11
55,0.95,7,8.372043726274404e-05,11
55,0.95,8,2.4466296068585344e-05,11
55,0.95,9,6.757654121617579e-06,11
55,0.95,10,2.336288756323024e-06,11
55,0.95,11,6.409921374274374e-07,11
65,0.15,0,0.0,5
65,0.15,1,0.026666843099743792,5
65,0.15,2,0.0011748729704642927,5
65,0.15,3,4.70031844982538e-05,5
65,0.15,4,2.4030598129408387e-06,5
65,0.15,5,1.004271438214549e-07,5
65,0.25,0,0.0,6
65,0.25,1,0.04444473849957298,6
65,0.25,2,0.0032635360290674906,6
65,0.25,3,0.00021760733564005728,6
65,0.25,4,1.8542128186216714e-05,6
65,0.25,5,1.291501334968817e-06,6
65,0.25,6,9.231738661713562e-08,6
65,0.35,0,0.0,6
65,0.35,1,0.06222263389940216,6
65,0.35,2,0.006396530616972283,6
65,0.35,3,0.0005971145289963425,6
65,0.35,4,7.123143964021111e-05,6
65,0.35,5,6.946004139639014e-06,6
65,0.35,6,6.951070858386699e-07,6
65,0.45,0,0.0,7
65,0.45,1,0.08000052929923138,7
65,0.45,2,0.010573856734178664,7
65,0.45,3,0.0012690859814528787,7
65,0.45,4,0.0001946478448477465,7
65,0.45,5,2.4403795944616738e-05,7
65,0.45,6,3.139919632150906e-06,7
65,0.45,7,3.44377848954594e-07,7
65,0.55,0,0.0,8
65,0.55,1,0.09777842469906056,8
65,0.55,2,0.01579551438068664,8
65,0.55,3,0.0023170829098954626,8
65,0.55,4,0.0004343604780393164,8
65,0.55,5,6.655922607792276e-05,8
65,0.55,6,1.0466936430249957e-05,8
65,0.55,7,1.4030929390285163e-06,8
65,0.55,8,1.5813418671045687e-07,8
65,0.65,0,0.0,8
65,0.65,1,0.11555632009888978,8
65,0.65,2,0.022061503556496245,8
65,0.65,3,0.0038246665312098357,8
65,0.65,4,0.0008473307570030144,8
65,0.65,5,0.0001534481296492727,8
65,0.65,6,2.8518297119885933e-05,8
65,0.65,7,4.517946762847697e-06,8
65,0.65,8,6.017707946167489e-07,8
65,0.75,0,0.0,9
65,0.75,1,0.133334215498719,9
65,0.75,2,0.029371824261607397,9
65,0.75,3,0.005875398062281824,9
65,0.75,4,0.0015019123830845894,9
65,0.75,5,0.0003138348243904906,9
65,0.75,6,6.729937483157186e-05,9
65,0.75,7,1.23020207821508e-05,9
65,0.75,8,1.8906640245723583e-06,9
65,0.75,9,3.415507262936185e-07,9
65,0.85,0,0.0,10
65,0.85,1,0.15111211089854815,10
65,0.85,2,0.037726476496020164,10
65,0.85,3,0.00855283871999721,10
65,0.85,4,0.0024778513411872864,10
65,0.85,5,0.0005867991074957769,10
65,0.85,6,0.0001426123064936155,10
65,0.85,7,2.954473456878541e-05,10
65,0.85,8,5.146069640705672e-06,10
65,0.85,9,1.0535961479010009e-06,10
65,0.85,10,2.404511741920662e-07,10
65,0.95,0,0.0,10
65,0.95,1,0.16889000629837728,10
65,0.95,2,0.04712546025973453,10
65,0.95,3,0.01194054972124179,10
65,0.95,4,0.003866285899772114,10
65,0.95,5,0.0010233232524622451,10
65,0.95,6,0.00027796177819043935,10
65,0.95,7,6.435952788517042e-05,10
65,0.95,8,1.252890440864643e-05,10
65,0.95,9,2.8669247260949826e-06,10
65,0.95,10,7.312631652434121e-07,10
75,0.15,0,0.0,5
75,0.15,1,0.031540271977315994,5
75,0.15,2,0.0011365964321936213,5
75,0.15,3,3.419898944510141e-05,5
75,0.15,4,1.4246371735863322e-06,5
75,0.15,5,5.557519985703585e-08,5
75,0.25,0,0.0,5
75,0.25,1,0.052567119962193334,5
75,0.25,2,0.0031572123116489544,5
75,0.25,3,0.0001583286548384171,5
75,0.25,4,1.0992570783865951e-05,5
75,0.25,5,7.147016442936305e-07,5
75,0.35,0,0.0,6
75,0.35,1,0.07359396794707065,6
75,0.35,2,0.006188136130831965,6
75,0.35,3,0.0004344538288766006,6
75,0.35,4,4.222905992327941e-05,6
75,0.35,5,3.843836971389666e-06,6
75,0.35,6,2.9384076907952583e-07,6
75,0.45,0,0.0,7
75,0.45,1,0.09462081593194799,7
75,0.45,2,0.010229367889742633,7
75,0.45,3,0.0009233727150176271,7
75,0.45,4,0.00011539561106064383,7
75,0.45,5,1.3504773565983091e-05,7
75,0.45,6,1.3273298723592147e-06,7
75,0.45,7,1.5947454778432457e-07,7
75,0.55,0,0.0,7
75,0.55,1,0.11564766391682535,7
75,0.55,2,0.015280907588380965,7
75,0.55,3,0.001685883516719432,7
75,0.55,4,0.00025750756615436354,7
75,0.55,5,3.68330926447287e-05,7
75,0.55,6,4.424660189981944e-06,7
75,0.55,7,6.497444961506282e-07,7
75,0.65,0,0.0,8
75,0.65,1,0.13667451190170268,8
75,0.65,2,0.021342755226746998,8
75,0.65,3,0.002782784437439994,8
75,0.65,4,0.0005023341026525446,8
75,0.65,5,8.491638963640386e-05,8
75,0.65,6,1.2055463868846511e-05,8
75,0.65,7,2.0921714886431436e-06,8
75,0.65,8,2.894413900656617e-07,8
75,0.75,0,0.0,8
75,0.75,1,0.15770135988658,8
75,0.75,2,0.02841491080484064,8
75,0.75,3,0.0042748736806371805,8
75,0.75,4,0.0008903982334927067,8
75,0.75,5,0.00017367249956276587,8
75,0.75,6,2.8449285673205413e-05,8
75,0.75,7,5.69682169449838e-06,8
75,0.75,8,9.09376839599782e-07,8
75,0.85,0,0.0,9
75,0.85,1,0.17872820787145735,9
75,0.85,2,0.036497374322661987,9
75,0.85,3,0.006222949449769026,9
75,0.85,4,0.0014689768071020955,9
75,0.85,5,0.00032472772241868945,9
75,0.85,6,6.02861209054225e-05,9
75,0.85,7,1.3681580272879856e-05,9
75,0.85,8,2.4751708846207365e-06,9
75,0.85,9,4.837963219223723e-07,9
75,0.95,0,0.0,10
75,0.95,1,0.19975505585633463,10
75,0.95,2,0.045590145780211005,10
75,0.95,3,0.008687809948293422,10
75,0.95,4,0.0022921005073975364,10
75,0.95,5,0.0005662950485529183,10
75,0.95,6,0.00011750204297981959,10
75,0.95,7,2.9803620169131448e-05,10
75,0.95,8,6.026187279538353e-06,10
75,0.95,9,1.3164509385932277e-06,10
75,0.95,10,3.4572554733630634e-07,10
85,0.15,0,0.0,4
85,0.15,1,0.024206663279762737,4
85,0.15,2,0.0007491245342008679,4
85,0.15,3,2.494187890818636e-05,4
85,0.15,4,9.13098898868217e-07,4
85,0.25,0,0.0,5
85,0.25,1,0.04034443879960456,5
85,0.25,2,0.0020809014838913207,5
85,0.25,3,0.00011547166161198982,5
85,0.25,4,7.04551619490866e-06,5
85,0.25,5,3.224165671805723e-07,5
85,0.35,0,0.0,6
85,0.35,1,0.05648221431944639,6
85,0.35,2,0.0040785669084270025,6
85,0.35,3,0.0003168542394632861,6
85,0.35,4,2.7066055014405427e-05,6
85,0.35,5,1.7340336782196986e-06,6
85,0.35,6,1.2702575884725176e-07,6
85,0.45,0,0.0,6
85,0.45,1,0.07261998983928823,6
85,0.45,2,0.006742120807807896,6
85,0.45,3,0.0006734307305211011,6
85,0.45,4,7.396101080778608e-05,6
85,0.45,5,6.092280279940826e-06,6
85,0.45,6,5.737974509527344e-07,6
85,0.55,0,0.0,7
85,0.55,1,0.08875776535913006,7
85,0.55,2,0.010071563182034036,7
85,0.55,3,0.0012295422528444382,7
85,0.55,4,0.0001650454441756901,7
85,0.55,5,1.661616337899144e-05,7
85,0.55,6,1.912756422733225e-06,7
85,0.55,7,2.3901603972593943e-07,7
85,0.65,0,0.0,7
85,0.65,1,0.10489554087897186,7
85,0.65,2,0.014066894031105386,7
85,0.65,3,0.002029529924492285,7
85,0.65,4,0.00032196318086889254,7
85,0.65,5,3.8307524631828876e-05,7
85,0.65,6,5.211511156571688e-06,7
85,0.65,7,7.696295183934332e-07,7
85,0.75,0,0.0,8
85,0.75,1,0.12103331639881372,8
85,0.75,2,0.01872811335502198,8
85,0.75,3,0.0031177348635236532,8
85,0.75,4,0.000570686811788357,8
85,0.75,5,7.834722582242097e-05,8
85,0.75,6,1.2298470742825793e-05,8
85,0.75,7,2.095641853841479e-06,8
85,0.75,8,4.1841544996812363e-07,8
85,0.85,0,0.0,9
85,0.85,1,0.13717109191865554,9
85,0.85,2,0.02405522115378377,9
85,0.85,3,0.004538498187997554,9
85,0.85,4,0.0009415176929852102,9
85,0.85,5,0.00014649133434012276,9
85,0.85,6,2.606136064960997e-05,9
85,0.85,7,5.032927794515994e-06,9
85,0.85,8,1.1388565162515074e-06,9
85,0.85,9,2.2645739549374821e-07,9
85,0.95,0,0.0,9
85,0.95,1,0.15330886743849736,9
85,0.95,2,0.03004821742739079,9
85,0.95,3,0.006336161015972958,9
85,0.95,4,0.0014690859456606567,9
85,0.95,5,0.00025546730865734935,9
85,0.95,6,5.0795491120933164e-05,9
85,0.95,7,1.0963606932401157e-05,9
85,0.95,8,2.772722761941286e-06,9
85,0.95,9,6.162098332238714e-07,9
95,0.15,0,0.0,4
95,0.15,1,0.027339983708452587,4
95,0.15,2,0.0008997220970182757,4
95,0.15,3,2.9950006152454356e-05,4
95,0.15,4,8.967512188391008e-07,4
95,0.25,0,0.0,5
95,0.25,1,0.04556663951408764,5
95,0.25,2,0.0024992280472729902,5
95,0.25,3,0.00013865743589100074,5
95,0.25,4,6.919376688514778e-06,5
95,0.25,5,3.560626601600142e-07,5
95,0.35,0,0.0,6
95,0.35,1,0.06379329531972269,6
95,0.35,2,0.004898486972655087,6
95,0.35,3,0.0003804760040849002,6
95,0.35,4,2.658147748663478e-05,6
95,0.35,5,1.914990441468853e-06,6
95,0.35,6,1.5602543592535545e-07,6
95,0.45,0,0.0,6
95,0.45,1,0.08201995112535776,6
95,0.45,2,0.008097498873164516,6
95,0.45,3,0.0008086501661163006,6
95,0.45,4,7.26368487253895e-05,6
95,0.45,5,6.728046086659778e-06,6
95,0.45,6,7.04794037192577e-07,6
95,0.55,0,0.0,7
95,0.55,1,0.10024660693099281,7
95,0.55,2,0.012096263748801309,7
95,0.55,3,0.0014764243773673393,7
95,0.55,4,0.0001620905505545344,7
95,0.55,5,1.835015919493966e-05,7
95,0.55,6,2.349434141059488e-06,7
95,0.55,7,2.656467173317578e-07,7
95,0.65,0,0.0,7
95,0.65,1,0.11847326273662787,7
95,0.65,2,0.016894781599565464,7
95,0.65,3,0.002437043093220192,7
95,0.65,4,0.00031619890816122695,7
95,0.65,5,4.2305143451253774e-05,7
95,0.65,6,6.401286694035328e-06,7
95,0.65,7,8.553800630670821e-07,7
95,0.75,0,0.0,8
95,0.75,1,0.13669991854226288,8
95,0.75,2,0.02249305242545699,8
95,0.75,3,0.0037437507690569506,8
95,0.75,4,0.0005604695117699225,8
95,0.75,5,8.652322642304679e-05,8
95,0.75,6,1.5106182210454164e-05,8
95,0.75,7,2.3291339770990793e-06,8
95,0.75,8,4.835772148799669e-07,8
95,0.85,0,0.0,9
95,0.85,1,0.154926574347898,9
95,0.85,2,0.02889107622647588,9
95,0.85,3,0.005449791860259778,9
95,0.85,4,0.0009246612166427222,9
95,0.85,5,0.00016177857935718593,9
95,0.85,6,3.201110697890509e-05,9
95,0.85,7,5.593686301453085e-06,9
95,0.85,8,1.3162158861920736e-06,9
95,0.85,9,1.9919345544284345e-07,9
95,0.95,0,0.0,9
95,0.95,1,0.173153230153533,9
95,0.95,2,0.0360888530026221,9
95,0.95,3,0.007608410822210812,9
95,0.95,4,0.0014427841430789557,9
95,0.95,5,0.00028212684697664654,9
95,0.95,6,6.239198030291368e-05,9
95,0.95,7,1.2185149562245028e-05,9
95,0.95,8,3.204531646554612e-06,9
95,0.95,9,5.420223334780261e-07,9
100,0.15,0,0.0,5
100,0.15,1,0.02503963141547981,5
100,0.15,2,0.0009356323929454249,5
100,0.15,3,3.31516142191169e-05,5
100,0.15,4,1.0083560341676845e-06,5
100,0.15,5,3.226325176637623e-08,5
100,0.25,0,0.0,5
100,0.25,1,0.04173271902579968,5
100,0.25,2,0.002598978869292841,5
100,0.25,3,0.0001534796954588951,5
100,0.25,4,7.780524955088713e-06,5
100,0.25,5,4.149080732058358e-07,5
100,0.35,0,0.0,6
100,0.35,1,0.05842580663611954,6
100,0.35,2,0.005093998583813956,6
100,0.35,3,0.0004211482843391647,6
100,0.35,4,2.9889664667447774e-05,6
100,0.35,5,2.231475195619073e-06,6
100,0.35,6,1.6204278350737122e-07,6
100,0.45,0,0.0,6
100,0.45,1,0.07511889424643942,6
100,0.45,2,0.00842069153650878,6
100,0.45,3,0.0008950935839161841,6
100,0.45,4,8.167683876844634e-05,6
100,0.45,5,7.839970180610265e-06,6
100,0.45,6,7.319754432213305e-07,6
100,0.55,0,0.0,7
100,0.55,1,0.09181198185675928,7
100,0.55,2,0.012579057727377324,7
100,0.55,3,0.0016342517972461725,7
100,0.55,4,0.00018226346538775546,7
100,0.55,5,2.138283523106521e-05,7
100,0.55,6,2.4400434820402717e-06,7
100,0.55,7,2.834670058534869e-07,7
100,0.65,0,0.0,7
100,0.65,1,0.10850506946707916,7
100,0.65,2,0.017569097156419605,7
100,0.65,3,0.0026975591273852946,7
100,0.65,4,0.0003555513171873024,7
100,0.65,5,4.9296788231325585e-05,7
100,0.65,6,6.648161615443841e-06,7
100,0.65,7,9.12761233300835e-07,7
100,0.75,0,0.0,8
100,0.75,1,0.12519815707739904,8
100,0.75,2,0.02339080982363554,8
100,0.75,3,0.0041439517773898295,8
100,0.75,4,0.00063022252136157,8
100,0.75,5,0.00010082266178780639,8
100,0.75,6,1.5688774074322683e-05,8
100,0.75,7,2.4853784807016277e-06,8
100,0.75,8,4.2331883903182904e-07,8
100,0.85,0,0.0,9
100,0.85,1,0.1418912446877189,9
100,0.85,2,0.03004419572902519,9
100,0.85,3,0.006032365950315857,9
100,0.85,4,0.0010397395596373126,9
100,0.85,5,0.00018851524226904618,9
100,0.85,6,3.3245661826691864e-05,9
100,0.85,7,5.968925659876299e-06,9
100,0.85,8,1.1522027169993607e-06,9
100,0.85,9,1.9751055122842198e-07,9
100,0.95,0,0.0,9
100,0.95,1,0.15858433229803875,9
100,0.95,2,0.0375292548725886,9
100,0.95,3,0.00842173784921974,9
100,0.95,4,0.0016223452682737416,9
100,0.95,5,0.00032875310884626814,9
100,0.95,6,6.479821766908547e-05,9
100,0.95,7,1.3002561812084507e-05,9
100,0.95,8,2.8052161569333198e-06,9
100,0.95,9,5.37443008080847e-07,9
